Virus name	Accession ID	Collection date	Location	Host	Passage	Specimen	Additional host information	Sampling strategy	Sequencing technology	Assembly method	Comment	Comment type	Lineage	Clade	AA Substitutions
hCoV-19/Bhutan/RCDC0001-SV200557/2020	EPI_ISL_16984318	2020-08-09	Asia / Bhutan	Human	Original	Nasopharyngeal swab		Routine Surveillance	Illumina MiSeq	BWA V.0.7.17			B.1.36	GH	(NSP2_V381A,N_S194L,NSP3_M560I,NS3_Q57H,NSP13_K460R,NSP3_V1770F,Spike_V308L,NSP12_P323L,Spike_D614G,NSP3_S1717L)
hCoV-19/Bhutan/RCDC0001-SV210017/2020	EPI_ISL_16984319	2020-11-30	Asia / Bhutan	Human	Original	Nasopharyngeal swab		Routine Surveillance	Illumina MiSeq	BWA V.0.7.17			B.1	G	(Spike_H49Y,Spike_K854N,N_T205I,NSP12_Q875H,NS3_G172V,NSP12_P323L,Spike_D614G)
hCoV-19/Bhutan/RCDC0001-SV210139/2021	EPI_ISL_16984320	2021-04-19	Asia / Bhutan	Human	Original	Nasopharyngeal swab		Routine Surveillance	Illumina MiSeq	BWA V.0.7.17	Gap of 13 nucleotides when compared to the reference WIV04 sequence.	info	B.1.617.2	GK	(NS7a_L116F,N_D63G,N_R203M,NSP4_S481L,NSP12_G671S,Spike_G142D,NSP2_P129L,NS3_S26L,Spike_P681R,Spike_R158del,NSP3_H1274Y,NS7a_V82A,Spike_F157del,Spike_T19R,NS7a_T120I,N_R385K,N_D377Y,M_I82T,NSP6_V149A,Spike_D950N,NSP3_P822L,N_T362I,NSP13_P77L,Spike_E156G,NSP4_A446V,NSP15_H234Y,Spike_T478K,NSP12_P323L,Spike_D614G,Spike_L452R)
hCoV-19/Bhutan/RCDC0002-SV210018/2020	EPI_ISL_16984321	2020-11-30	Asia / Bhutan	Human	Original	Nasopharyngeal swab		Routine Surveillance	Illumina MiSeq	BWA V.0.7.17			B.1	G	(Spike_H49Y,Spike_K854N,N_T205I,NSP12_Q875H,Spike_V308F,NS3_G172V,Spike_Y313F,NSP12_P323L,Spike_D614G)
hCoV-19/Bhutan/RCDC0002-SV210140/2021	EPI_ISL_16984322	2021-04-20	Asia / Bhutan	Human	Original	Nasopharyngeal swab		Routine Surveillance	Illumina MiSeq	BWA V.0.7.17	Gap of 13 nucleotides when compared to the reference WIV04 sequence.	info	B.1.617.2	GK	(NS7a_L116F,N_D63G,NSP13_H290Y,N_R203M,NSP4_S481L,NSP12_G671S,Spike_G142D,NSP2_P129L,NS3_S26L,Spike_P681R,Spike_R158del,NSP3_H1274Y,NS7a_V82A,Spike_F157del,Spike_T19R,NS7a_T120I,N_R385K,N_D377Y,M_I82T,NSP6_V149A,Spike_D950N,NSP3_P822L,N_T362I,NSP13_P77L,Spike_E156G,NSP4_A446V,NSP15_H234Y,Spike_T478K,NSP12_P323L,Spike_D614G,Spike_L452R)
hCoV-19/Bhutan/RCDC0003-SV200559/2020	EPI_ISL_16984323	2020-08-11	Asia / Bhutan	Human	Original	Nasopharyngeal swab		Routine Surveillance	Illumina MiSeq	BWA V.0.7.17			B.1.36	GH	(NSP1_K120N,NSP2_V381A,N_S194L,NSP3_M560I,NS3_Q57H,Spike_Y1206F,NSP13_K460R,NSP3_V1770F,NSP12_E254D,NSP12_P323L,Spike_D614G,NSP3_S1717L)
hCoV-19/Bhutan/RCDC0003-SV210019/2020	EPI_ISL_16984324	2020-12-21	Asia / Bhutan	Human	Original	Nasopharyngeal swab		Routine Surveillance	Illumina MiSeq	BWA V.0.7.17			B.1	G	(NSP15_R257C,N_R209I,NS8_V62L,N_A182S,NSP12_P323L,Spike_D614G,Spike_D178H,Spike_Q677H)
hCoV-19/Bhutan/RCDC0003-SV210141/2021	EPI_ISL_16984325	2021-04-20	Asia / Bhutan	Human	Original	Nasopharyngeal swab		Routine Surveillance	Illumina MiSeq	BWA V.0.7.17	Gap of 13 nucleotides when compared to the reference WIV04 sequence.	info	B.1.617.2	GK	(NS7a_L116F,N_D63G,N_R203M,NSP4_S481L,NSP12_G671S,Spike_G142D,NSP2_P129L,NS3_S26L,Spike_P681R,Spike_R158del,NSP3_H1274Y,NS7a_V82A,Spike_F157del,Spike_T19R,NS7a_T120I,N_R385K,N_D377Y,M_I82T,NSP6_V149A,Spike_D950N,NSP3_P822L,N_T362I,NSP13_P77L,Spike_E156G,NSP4_A446V,NSP15_H234Y,Spike_T478K,NSP12_P323L,Spike_D614G,Spike_L452R)
hCoV-19/Bhutan/RCDC0004-SV210020/2020	EPI_ISL_16984326	2020-12-21	Asia / Bhutan	Human	Original	Nasopharyngeal swab		Routine Surveillance	Illumina MiSeq	BWA V.0.7.17			B.1	G	(Spike_H49Y,Spike_K854N,N_T205I,NSP12_Q875H,NS3_G172V,NSP12_P323L,Spike_D614G,NS8_I10S)
hCoV-19/Bhutan/RCDC0004-SV210142/2021	EPI_ISL_16984327	2021-03-31	Asia / Bhutan	Human	Original	Nasopharyngeal swab		Routine Surveillance	Illumina MiSeq	BWA V.0.7.17	Gap of 18 nucleotides when compared to the reference WIV04 sequence.	info	B.1.351.3	GH	(E_P71L,NSP3_K837N,NSP3_N1778S,Spike_K417N,NSP6_S106del,Spike_E484K,NSP13_I151V,Spike_A701V,Spike_N501Y,NSP3_P1228L,Spike_A243del,Spike_L18F,Spike_D215G,Spike_L244del,NSP6_G107del,N_T205I,NSP6_F108del,Spike_L242del,NS3_Q57H,NSP2_T85I,Spike_D80A,Spike_A845S,NSP12_P323L,NSP5_K90R,Spike_D614G,NS3_S171L)
hCoV-19/Bhutan/RCDC0005-SV200561/2020	EPI_ISL_16984328	2020-08-11	Asia / Bhutan	Human	Original	Nasopharyngeal swab		Routine Surveillance	Illumina MiSeq	BWA V.0.7.17			B.1.36	GH	(NSP3_K1401R,N_S194L,NS3_Q57H,NSP3_V1770F,NSP12_P323L,Spike_D614G,NSP3_S1717L)
hCoV-19/Bhutan/RCDC0005-SV210021/2020	EPI_ISL_16984329	2020-12-22	Asia / Bhutan	Human	Original	Nasopharyngeal swab		Routine Surveillance	Illumina MiSeq	BWA V.0.7.17			B.1	G	(Spike_H49Y,Spike_K854N,N_T205I,NSP12_Q875H,NS3_G172V,NSP12_P323L,Spike_D614G)
hCoV-19/Bhutan/RCDC0005-SV210143/2021	EPI_ISL_16984330	2021-03-31	Asia / Bhutan	Human	Original	Nasopharyngeal swab		Routine Surveillance	Illumina MiSeq	BWA V.0.7.17	Gap of 18 nucleotides when compared to the reference WIV04 sequence.	info	B.1.351.3	GH	(E_P71L,NSP3_K837N,NSP3_N1778S,Spike_K417N,NSP6_S106del,Spike_E484K,NSP13_I151V,Spike_A701V,Spike_N501Y,NSP3_P1228L,Spike_A243del,Spike_L18F,Spike_D215G,NSP2_E206K,Spike_L244del,NSP6_G107del,N_T205I,NSP6_F108del,Spike_L242del,NS3_Q57H,NSP2_T85I,NS3_K61I,Spike_D80A,NSP12_P323L,NSP5_K90R,Spike_D614G,NS3_S171L)
hCoV-19/Bhutan/RCDC0006-SV200562/2020	EPI_ISL_16984331	2020-08-15	Asia / Bhutan	Human	Original	Nasopharyngeal swab		Routine Surveillance	Illumina MiSeq	BWA V.0.7.17			B.1.36	GH	(NSP2_V381A,N_S194L,NSP3_D410Y,NSP12_K91R,NS3_Q57H,NSP3_V1770F,NSP12_P323L,Spike_D614G,NSP10_S129N,NSP3_S1717L)
hCoV-19/Bhutan/RCDC0006-SV210022/2020	EPI_ISL_16984332	2020-12-22	Asia / Bhutan	Human	Original	Nasopharyngeal swab		Routine Surveillance	Illumina MiSeq	BWA V.0.7.17			B.1	G	(NSP15_R257C,N_R209I,NS8_V62L,N_A182S,NSP12_P323L,Spike_D614G,Spike_D178H,Spike_Q677H)
hCoV-19/Bhutan/RCDC0006-SV210144/2021	EPI_ISL_16984333	2021-03-31	Asia / Bhutan	Human	Original	Nasopharyngeal swab		Routine Surveillance	Illumina MiSeq	BWA V.0.7.17	Gap of 18 nucleotides when compared to the reference WIV04 sequence.	info	B.1.351.3	GH	(E_P71L,NSP3_K837N,NSP3_N1778S,Spike_K417N,NSP6_S106del,Spike_E484K,NSP13_I151V,Spike_A701V,Spike_N501Y,NSP3_P1228L,Spike_A243del,Spike_L18F,Spike_D215G,NSP2_E206K,Spike_L244del,NSP6_G107del,N_T205I,NSP6_F108del,Spike_L242del,NS3_Q57H,NSP2_T85I,NS3_K61I,Spike_D80A,NSP12_P323L,NSP5_K90R,Spike_D614G,NS3_S171L)
hCoV-19/Bhutan/RCDC0007-SV200563/2020	EPI_ISL_16984334	2020-08-24	Asia / Bhutan	Human	Original	Nasopharyngeal swab		Routine Surveillance	Illumina MiSeq	BWA V.0.7.17			B.1.36	GH	(NSP2_V381A,N_S194L,NSP3_D410Y,NS3_Q57H,NSP3_V1770F,NSP12_P323L,Spike_D614G,NSP3_S1717L)
hCoV-19/Bhutan/RCDC0007-SV210023/2020	EPI_ISL_16984335	2020-12-22	Asia / Bhutan	Human	Original	Nasopharyngeal swab		Routine Surveillance	Illumina MiSeq	BWA V.0.7.17			B.1	G	(NSP9_P80L,NSP15_R257C,N_R209I,NS8_V62L,N_A182S,NSP12_P323L,Spike_D614G,Spike_D178H,Spike_Q677H)
hCoV-19/Bhutan/RCDC0007-SV210145/2021	EPI_ISL_16984336	2021-04-12	Asia / Bhutan	Human	Original	Nasopharyngeal swab		Routine Surveillance	Illumina MiSeq	BWA V.0.7.17	Gap of 13 nucleotides when compared to the reference WIV04 sequence.	info	B.1.617.2	GK	(NS7a_L116F,N_D63G,N_R203M,NSP4_S481L,NSP12_G671S,Spike_K97T,Spike_G142D,NSP2_P129L,NS3_S26L,Spike_P681R,Spike_R158del,NSP3_H1274Y,NS7a_V82A,Spike_F157del,Spike_T19R,NS7a_T120I,N_R385K,N_D377Y,M_I82T,NSP6_V149A,Spike_D950N,NSP3_P822L,N_T362I,NSP13_P77L,Spike_E156G,NSP4_A446V,NSP15_H234Y,Spike_T478K,NSP12_P323L,Spike_D614G,Spike_L452R)
hCoV-19/Bhutan/RCDC0008-SV200564/2020	EPI_ISL_16984337	2020-08-24	Asia / Bhutan	Human	Original	Nasopharyngeal swab		Routine Surveillance	Illumina MiSeq	BWA V.0.7.17			B.1.36	GH	(N_S194L,NSP3_M560I,NS3_Q57H,NSP13_K460R,NSP3_V1770F,NS3_L106F,NSP12_P323L,Spike_D614G,NSP3_S1717L)
hCoV-19/Bhutan/RCDC0008-SV210024/2020	EPI_ISL_16984338	2020-12-21	Asia / Bhutan	Human	Original	Nasopharyngeal swab		Routine Surveillance	Illumina MiSeq	BWA V.0.7.17			B.1	G	(NSP3_P1044S,NSP12_P323F,Spike_H49Y,Spike_K854N,N_T205I,NSP12_Q875H,NS3_G172V,Spike_D614G)
hCoV-19/Bhutan/RCDC0008-SV210146/2021	EPI_ISL_16984339	2021-05-06	Asia / Bhutan	Human	Original	Nasopharyngeal swab		Routine Surveillance	Illumina MiSeq	BWA V.0.7.17	Gap of 13 nucleotides when compared to the reference WIV04 sequence.	info	B.1.617.2	GK	(N_D63G,N_R203M,NSP2_I296V,NSP12_G671S,NSP2_K384N,Spike_G142D,NSP6_T181I,NS3_S26L,Spike_P681R,Spike_R158del,NSP3_L1244F,NSP6_Q257H,NSP12_A923S,NS7a_V82A,Spike_F157del,Spike_T19R,NS7a_T120I,Spike_A222V,N_D377Y,M_I82T,NSP6_V149A,Spike_D950N,NSP3_P822L,NSP13_P77L,Spike_E156G,NSP4_A446V,Spike_T478K,NSP12_P323L,Spike_D614G,Spike_L452R)
hCoV-19/Bhutan/RCDC0009-SV200565/2020	EPI_ISL_16984340	2020-08-25	Asia / Bhutan	Human	Original	Nasopharyngeal swab		Routine Surveillance	Illumina MiSeq	BWA V.0.7.17			B.1.36	GH	(NSP2_V381A,N_S194L,NSP3_M1278I,NS3_Q57H,NSP12_V299F,NSP12_P323L,Spike_D614G,N_D103N)
hCoV-19/Bhutan/RCDC0009-SV210025/2020	EPI_ISL_16984341	2020-12-23	Asia / Bhutan	Human	Original	Nasopharyngeal swab		Routine Surveillance	Illumina MiSeq	BWA V.0.7.17			B.1	G	(NSP15_R257C,N_R209I,NS8_V62L,N_A182S,NSP12_P323L,Spike_D614G,Spike_D178H,Spike_Q677H)
hCoV-19/Bhutan/RCDC0009-SV210147/2021	EPI_ISL_16984342	2021-04-20	Asia / Bhutan	Human	Original	Nasopharyngeal swab		Routine Surveillance	Illumina MiSeq	BWA V.0.7.17	Gap of 13 nucleotides when compared to the reference WIV04 sequence.	info	B.1.617.2	GK	(NS7a_L116F,N_D63G,N_R203M,NSP12_G671S,Spike_G142D,NSP2_P129L,NS3_S26L,NSP2_P125L,Spike_P681R,Spike_R158del,NSP3_H1274Y,NS7a_V82A,Spike_F157del,Spike_T19R,NS7a_T120I,N_R385K,N_D377Y,M_I82T,NSP6_V149A,Spike_D950N,NSP3_P822L,NSP13_P77L,Spike_E156G,NSP4_A446V,NSP15_H234Y,Spike_T478K,NSP3_P1403L,NSP12_P323L,Spike_D614G,Spike_L452R)
hCoV-19/Bhutan/RCDC0010-SV210026/2020	EPI_ISL_16984343	2020-12-29	Asia / Bhutan	Human	Original	Nasopharyngeal swab		Routine Surveillance	Illumina MiSeq	BWA V.0.7.17			B.1	G	(Spike_H49Y,Spike_K854N,N_T205I,NSP12_Q875H,NS3_S74F,NS3_G172V,NSP12_P323L,Spike_D614G)
hCoV-19/Bhutan/RCDC0010-SV210148/2021	EPI_ISL_16984344	2021-04-26	Asia / Bhutan	Human	Original	Nasopharyngeal swab		Routine Surveillance	Illumina MiSeq	BWA V.0.7.17	Gap of 13 nucleotides when compared to the reference WIV04 sequence.	info	AY.71	GK	(N_D63G,N_R203M,NSP12_G671S,Spike_G142D,NSP6_T181I,NS3_S26L,Spike_P681R,Spike_R158del,NS7a_V82A,Spike_F157del,Spike_S1252F,Spike_T19R,NS7a_T120I,Spike_A222V,N_D377Y,M_I82T,NSP6_V149A,Spike_D950N,NSP3_P822L,NSP13_P77L,Spike_E156G,NSP4_A446V,Spike_T478K,NSP12_P323L,Spike_D614G,Spike_L452R)
hCoV-19/Bhutan/RCDC0011-SV200567/2020	EPI_ISL_16984345	2020-07-26	Asia / Bhutan	Human	Original	Nasopharyngeal swab		Routine Surveillance	Illumina MiSeq	BWA V.0.7.17			B.1.441	GH	(N_L139F,NSP3_T1303I,N_S194L,NS3_Q57H,NSP3_S1682F,NSP12_P323L,Spike_D614G,NSP2_L169S,NSP6_L37F)
hCoV-19/Bhutan/RCDC0011-SV210027/2020	EPI_ISL_16984346	2020-12-29	Asia / Bhutan	Human	Original	Nasopharyngeal swab		Routine Surveillance	Illumina MiSeq	BWA V.0.7.17			B.1	G	(Spike_H49Y,Spike_K854N,N_T205I,NSP12_Q875H,NSP13_A553S,NS3_S74F,NS3_G172V,NSP12_P323L,Spike_D614G)
hCoV-19/Bhutan/RCDC0011-SV210149/2021	EPI_ISL_16984347	2021-04-16	Asia / Bhutan	Human	Original	Nasopharyngeal swab		Routine Surveillance	Illumina MiSeq	BWA V.0.7.17	NS8_Q27stop results in 78.5% truncation of the protein sequence. Gap of 19 nucleotides when compared to the reference WIV04 sequence.	info	B.1.1.7	GRY	(Spike_H69del,NS8_Q27stop,NSP3_T183I,Spike_T716I,NSP6_S106del,N_R203K,Spike_A570D,Spike_N501Y,NSP3_I1412T,NS8_R52I,Spike_P681H,Spike_Y144del,NS3_V256A,NSP2_L550F,Spike_I712V,NSP6_G107del,NSP3_A890D,Spike_D1118H,NSP6_F108del,NS8_Y73C,N_G204R,Spike_V70del,NSP12_P323L,Spike_D614G,NSP1_D48N,N_D3L,Spike_S982A,N_S235F)
hCoV-19/Bhutan/RCDC0012-SV200568/2020	EPI_ISL_16984348	2020-07-25	Asia / Bhutan	Human	Original	Nasopharyngeal swab		Routine Surveillance	Illumina MiSeq	BWA V.0.7.17			B.1.441	GH	(N_L139F,NSP3_T1303I,N_S194L,NS3_Q57H,NSP3_S1682F,NSP12_P323L,Spike_D614G,NSP2_L169S,NSP6_L37F)
hCoV-19/Bhutan/RCDC0012-SV210028/2020	EPI_ISL_16984349	2020-12-29	Asia / Bhutan	Human	Original	Nasopharyngeal swab		Routine Surveillance	Illumina MiSeq	BWA V.0.7.17			B.1	G	(NSP15_R257C,N_R209I,NS8_V62L,N_A182S,NSP12_P323L,Spike_D614G,Spike_D178H,Spike_Q677H)
hCoV-19/Bhutan/RCDC0012-SV210150/2021	EPI_ISL_16984350	2021-04-16	Asia / Bhutan	Human	Original	Nasopharyngeal swab		Routine Surveillance	Illumina MiSeq	BWA V.0.7.17	Gap of 13 nucleotides when compared to the reference WIV04 sequence.	info	B.1.617.2	GK	(N_G215C,Spike_T95I,N_D63G,N_R203M,NSP12_G671S,Spike_T859I,Spike_G142D,NSP13_T481M,NS3_S26L,Spike_P681R,Spike_R158del,NSP3_P1228L,NS7a_V82A,NSP3_A488S,Spike_F157del,NSP4_T492I,NSP14_A394V,Spike_T19R,NS7a_T120I,N_D377Y,M_I82T,Spike_D950N,NS7b_T40I,NSP13_P77L,Spike_E156G,NS3_W128L,NSP3_P1469S,Spike_T478K,NSP6_T77A,NSP12_P323L,Spike_D614G,NSP4_V167L,Spike_L452R)
hCoV-19/Bhutan/RCDC0013-SV210029/2020	EPI_ISL_16984351	2020-12-29	Asia / Bhutan	Human	Original	Nasopharyngeal swab		Routine Surveillance	Illumina MiSeq	BWA V.0.7.17			B.1	G	(NSP15_R257C,NSP1_H110Y,N_R209I,NS8_V62L,N_A182S,NSP12_P323L,Spike_D614G,Spike_D178H,Spike_Q677H)
hCoV-19/Bhutan/RCDC0013-SV210151/2021	EPI_ISL_16984352	2021-04-24	Asia / Bhutan	Human	Original	Nasopharyngeal swab		Routine Surveillance	Illumina MiSeq	BWA V.0.7.17	Gap of 13 nucleotides when compared to the reference WIV04 sequence.	info	B.1.617.2	GK	(N_G215C,N_D63G,N_R203M,NSP12_G671S,Spike_G142D,NS3_S26L,NSP3_K384N,Spike_P681R,Spike_R158del,NSP5_S301A,NSP3_P1228L,NS7a_V82A,NSP3_A488S,Spike_F157del,NSP4_T492I,NSP14_A394V,Spike_T19R,NS7a_T120I,N_D377Y,M_I82T,Spike_D950N,NS7b_T40I,NSP13_P77L,Spike_E156G,NSP3_P1469S,Spike_T478K,NSP6_T77A,NSP12_P323L,Spike_D614G,NSP4_V167L,Spike_L452R)
hCoV-19/Bhutan/RCDC0014-SV200570/2020	EPI_ISL_16984353	2020-08-21	Asia / Bhutan	Human	Original	Nasopharyngeal swab		Routine Surveillance	Illumina MiSeq	BWA V.0.7.17			B.1.36	GH	(NSP1_K120N,NSP2_V381A,N_S194L,NSP3_M560I,NS3_Q57H,Spike_Y1206F,NSP13_K460R,NSP3_V1770F,NSP12_E254D,NSP12_P323L,Spike_D614G,NSP3_S1717L)
hCoV-19/Bhutan/RCDC0014-SV210030/2020	EPI_ISL_16984354	2020-12-30	Asia / Bhutan	Human	Original	Nasopharyngeal swab		Routine Surveillance	Illumina MiSeq	BWA V.0.7.17			B.1	G	(NS3_A99V,NSP13_S468L,NSP15_R257C,N_R209I,NS8_V62L,N_A182S,NSP12_P323L,Spike_D614G,Spike_D178H,Spike_Q677H)
hCoV-19/Bhutan/RCDC0014-SV210152/2021	EPI_ISL_16984355	2021-04-26	Asia / Bhutan	Human	Original	Nasopharyngeal swab		Routine Surveillance	Illumina MiSeq	BWA V.0.7.17	Gap of 28 nucleotides when compared to the reference WIV04 sequence.	info	B.1.617.2	GK	(N_G215C,N_D63G,NSP1_M85del,N_R203M,NSP12_G671S,Spike_G142D,NS3_S26L,Spike_P681R,NSP1_H83del,Spike_R158del,NSP5_S301A,NSP3_P1228L,NS7a_V82A,NSP1_G82del,NSP3_A488S,Spike_F157del,NSP4_T492I,NSP14_A394V,Spike_T19R,NS7a_T120I,N_D377Y,M_I82T,Spike_D950N,NS7b_T40I,NSP13_P77L,NSP1_V86del,Spike_E156G,NSP1_V84del,NSP3_P1469S,Spike_T478K,NSP6_T77A,NSP12_P323L,Spike_D614G,NSP4_V167L,Spike_L452R)
hCoV-19/Bhutan/RCDC0015-SV210031/2020	EPI_ISL_16984356	2020-12-31	Asia / Bhutan	Human	Original	Nasopharyngeal swab		Routine Surveillance	Illumina MiSeq	BWA V.0.7.17			B.1	G	(Spike_H49Y,Spike_K854N,N_T205I,NSP12_Q875H,NSP13_A553S,NS3_S74F,NS3_G172V,NSP12_P323L,Spike_D614G)
hCoV-19/Bhutan/RCDC0015-SV210153/2021	EPI_ISL_16984357	2021-04-16	Asia / Bhutan	Human	Original	Nasopharyngeal swab		Routine Surveillance	Illumina MiSeq	BWA V.0.7.17	Gap of 13 nucleotides when compared to the reference WIV04 sequence.	info	B.1.617.2	GK	(N_G215C,Spike_T95I,N_D63G,N_R203M,NSP12_G671S,Spike_T859I,Spike_G142D,NSP13_T481M,NS3_S26L,Spike_P681R,Spike_R158del,NSP3_P1228L,NS7a_V82A,NSP3_A488S,Spike_F157del,NSP4_T492I,NSP14_A394V,Spike_T19R,NS7a_T120I,N_D377Y,M_I82T,Spike_D950N,NS7b_T40I,NSP13_P77L,Spike_E156G,NS3_W128L,NSP3_P1469S,Spike_T478K,NSP6_T77A,NSP12_P323L,Spike_D614G,NSP4_V167L,Spike_L452R)
hCoV-19/Bhutan/RCDC0016-SV200572/2020	EPI_ISL_16984358	2020-08-17	Asia / Bhutan	Human	Original	Nasopharyngeal swab		Routine Surveillance	Illumina MiSeq	BWA V.0.7.17			B.1.36	GH	(NSP1_K120N,NSP2_V381A,N_S194L,NSP3_M560I,NS3_Q57H,Spike_Y1206F,NSP13_K460R,NSP3_V1770F,NSP12_E254D,NSP12_P323L,Spike_D614G,NSP3_S1717L)
hCoV-19/Bhutan/RCDC0016-SV210032/2021	EPI_ISL_16984359	2021-01-01	Asia / Bhutan	Human	Original	Nasopharyngeal swab		Routine Surveillance	Illumina MiSeq	BWA V.0.7.17			B.1	G	(NS3_A99V,NSP13_S468L,NSP15_R257C,N_R209I,NS8_V62L,N_A182S,NSP12_P323L,Spike_D614G,Spike_D178H,Spike_Q677H)
hCoV-19/Bhutan/RCDC0017-SV210033/2021	EPI_ISL_16984361	2021-01-02	Asia / Bhutan	Human	Original	Nasopharyngeal swab		Routine Surveillance	Illumina MiSeq	BWA V.0.7.17			B.1	G	(NS3_A99V,NSP13_S468L,NSP15_R257C,N_R209I,NS8_V62L,N_A182S,NSP12_P323L,Spike_D614G,Spike_D178H,Spike_Q677H)
hCoV-19/Bhutan/RCDC0017-SV210155/2021	EPI_ISL_16984362	2021-05-03	Asia / Bhutan	Human	Original	Nasopharyngeal swab		Routine Surveillance	Illumina MiSeq	BWA V.0.7.17	Gap of 13 nucleotides when compared to the reference WIV04 sequence.	info	B.1.617.2	GK	(N_G215C,N_D63G,N_R203M,NSP12_G671S,Spike_G142D,NS3_S26L,Spike_P681R,Spike_R158del,NSP5_S301A,NSP3_P1228L,NS7a_V82A,NSP3_A488S,Spike_F157del,NSP4_T492I,NSP14_A394V,Spike_T19R,NS7a_T120I,N_D377Y,M_I82T,Spike_D950N,NS7b_T40I,NSP13_P77L,Spike_E156G,NSP3_P1469S,Spike_T478K,NSP6_T77A,NSP12_P323L,Spike_D614G,Spike_L452R,NSP4_V167L)
hCoV-19/Bhutan/RCDC0018-SV200574/2020	EPI_ISL_16984363	2020-05-13	Asia / Bhutan	Human	Original	Nasopharyngeal swab		Routine Surveillance	Illumina MiSeq	BWA V.0.7.17			B.1.428	GH	(N_T205I,NSP2_T166I,NSP15_V303I,NS3_Q57H,NSP2_T85I,NSP12_P323L,Spike_D614G)
hCoV-19/Bhutan/RCDC0018-SV210156/2021	EPI_ISL_16984364	2021-04-21	Asia / Bhutan	Human	Original	Nasopharyngeal swab		Routine Surveillance	Illumina MiSeq	BWA V.0.7.17	Gap of 13 nucleotides when compared to the reference WIV04 sequence.	info	B.1.617.2	GK	(N_G215C,Spike_T95I,N_D63G,N_R203M,NSP12_G671S,Spike_T859I,NSP2_G339S,Spike_G142D,NSP13_T481M,NS3_S26L,Spike_P681R,Spike_R158del,NSP3_P1228L,NS7a_V82A,NSP3_A488S,Spike_F157del,NSP4_T492I,NSP14_A394V,Spike_T19R,NS7a_T120I,N_D377Y,M_I82T,Spike_D950N,NS7b_T40I,NSP13_P77L,Spike_E156G,NS3_W128L,NSP3_P1469S,Spike_T478K,NSP6_T77A,NSP12_P323L,Spike_D614G,NSP4_V167L,Spike_L452R)
hCoV-19/Bhutan/RCDC0019-SV200575/2020	EPI_ISL_16984365	2020-09-09	Asia / Bhutan	Human	Original	Nasopharyngeal swab		Routine Surveillance	Illumina MiSeq	BWA V.0.7.17			B.1.36	GH	(NSP2_V381A,NSP3_K837N,NSP8_A152V,N_S194L,NS3_Q57H,NSP12_P323L,Spike_D614G,NSP3_D165G)
hCoV-19/Bhutan/RCDC0019-SV210035/2021	EPI_ISL_16984366	2021-01-04	Asia / Bhutan	Human	Original	Nasopharyngeal swab		Routine Surveillance	Illumina MiSeq	BWA V.0.7.17			B.1	G	(NS3_A99V,NSP13_S468L,NSP15_R257C,N_R209I,NS8_V62L,N_A182S,NSP12_P323L,Spike_D614G,Spike_D178H,Spike_Q677H)
hCoV-19/Bhutan/RCDC0019-SV210157/2021	EPI_ISL_16984367	2021-04-19	Asia / Bhutan	Human	Original	Nasopharyngeal swab		Routine Surveillance	Illumina MiSeq	BWA V.0.7.17	Gap of 13 nucleotides when compared to the reference WIV04 sequence.	info	B.1.617.2	GK	(N_G215C,Spike_T95I,N_D63G,N_R203M,NSP12_G671S,Spike_T859I,Spike_G142D,NSP13_T481M,NS3_S26L,Spike_P681R,Spike_R158del,NSP3_P1228L,NS7a_V82A,NSP3_A488S,Spike_F157del,NSP4_T492I,NSP14_A394V,Spike_T19R,NS7a_T120I,N_D377Y,M_I82T,Spike_D950N,NS7b_T40I,NSP13_P77L,Spike_E156G,NS3_W128L,NSP3_P1469S,Spike_T478K,NSP6_T77A,NSP12_P323L,Spike_D614G,NSP4_V167L,Spike_L452R)
hCoV-19/Bhutan/RCDC0020-SV200576/2020	EPI_ISL_16984368	2020-09-06	Asia / Bhutan	Human	Original	Nasopharyngeal swab		Routine Surveillance	Illumina MiSeq	BWA V.0.7.17			B.1.36	GH	(NSP2_V381A,N_S194L,NSP12_G179C,NS3_G224V,NSP12_Q444H,NS3_Q57H,NSP12_P323L,Spike_D614G,NSP2_P91L)
hCoV-19/Bhutan/RCDC0020-SV210036/2021	EPI_ISL_16984369	2021-01-04	Asia / Bhutan	Human	Original	Nasopharyngeal swab		Routine Surveillance	Illumina MiSeq	BWA V.0.7.17			B.1.1.216	GR	(Spike_V1264L,NSP15_E266K,N_R203K,NSP3_L216F,NS3_L86F,N_G204R,NSP14_V101I,NSP12_I244T,Spike_W152L,NS3_T223I,NSP13_P172S,NS3_K67N,NSP12_P323L,Spike_D614G)
hCoV-19/Bhutan/RCDC0020-SV210158/2021	EPI_ISL_16984370	2021-04-20	Asia / Bhutan	Human	Original	Nasopharyngeal swab		Routine Surveillance	Illumina MiSeq	BWA V.0.7.17	Gap of 13 nucleotides when compared to the reference WIV04 sequence.	info	B.1.617.2	GK	(N_G215C,Spike_T95I,N_D63G,N_R203M,NSP12_G671S,Spike_T859I,Spike_G142D,NSP13_T481M,NS3_S26L,Spike_P681R,Spike_R158del,NSP3_P1228L,NS7a_V82A,NSP3_A488S,Spike_F157del,NSP4_T492I,NSP14_A394V,Spike_T19R,NS7a_T120I,N_D377Y,M_I82T,Spike_D950N,NS7b_T40I,NSP13_P77L,Spike_E156G,NS3_W128L,NSP3_P1469S,Spike_T478K,NSP6_T77A,NSP12_P323L,Spike_D614G,NSP4_V167L,Spike_L452R)
hCoV-19/Bhutan/RCDC0021-SV200577/2020	EPI_ISL_16984371	2020-08-18	Asia / Bhutan	Human	Original	Nasopharyngeal swab		Routine Surveillance	Illumina MiSeq	BWA V.0.7.17			B.1.36	GH	(NSP1_K120N,NSP2_V381A,N_S194L,NSP3_M560I,NS3_Q57H,Spike_Y1206F,NSP13_K460R,NSP3_V1770F,NSP12_E254D,NSP12_P323L,Spike_D614G,NSP3_S1717L)
hCoV-19/Bhutan/RCDC0021-SV210037/2021	EPI_ISL_16984372	2021-01-04	Asia / Bhutan	Human	Original	Nasopharyngeal swab		Routine Surveillance	Illumina MiSeq	BWA V.0.7.17			B.1	G	(Spike_H49Y,Spike_K854N,N_T205I,NSP12_Q875H,NS3_S74F,NS3_G172V,NSP12_P323L,Spike_D614G)
hCoV-19/Bhutan/RCDC0021-SV210159/2021	EPI_ISL_16984373	2021-04-23	Asia / Bhutan	Human	Original	Nasopharyngeal swab		Routine Surveillance	Illumina MiSeq	BWA V.0.7.17	Gap of 13 nucleotides when compared to the reference WIV04 sequence.	info	B.1.617.2	GK	(N_G215C,Spike_T95I,N_D63G,N_R203M,NSP12_G671S,Spike_T859I,Spike_G142D,NSP13_T481M,NS3_S26L,Spike_P681R,Spike_R158del,NSP3_P1228L,NS7a_V82A,NSP3_A488S,Spike_F157del,NSP4_T492I,NSP14_A394V,Spike_T19R,NS7a_T120I,N_D377Y,M_I82T,Spike_D950N,NS7b_T40I,NSP13_P77L,Spike_E156G,NS3_W128L,NSP3_P1469S,Spike_T478K,NSP6_T77A,NSP12_P323L,Spike_D614G,NSP4_V167L,Spike_L452R)
hCoV-19/Bhutan/RCDC0022-SV200578/2020	EPI_ISL_16984374	2020-06-19	Asia / Bhutan	Human	Original	Nasopharyngeal swab		Routine Surveillance	Illumina MiSeq	BWA V.0.7.17			B.1.36	GH	(NSP3_A85V,NSP2_V381A,N_S194L,NSP14_M62I,NS3_Q57H,NSP14_H455Y,NSP12_P323L,Spike_D614G,NSP6_L37F,NSP3_F1207L)
hCoV-19/Bhutan/RCDC0022-SV210038/2021	EPI_ISL_16984375	2021-01-05	Asia / Bhutan	Human	Original	Nasopharyngeal swab		Routine Surveillance	Illumina MiSeq	BWA V.0.7.17			B.1	G	(Spike_H49Y,Spike_K854N,N_T205I,NSP12_Q875H,NS3_S74F,NSP3_I508T,NS3_G172V,NSP12_P323L,Spike_D614G)
hCoV-19/Bhutan/RCDC0022-SV210160/2021	EPI_ISL_16984376	2021-04-28	Asia / Bhutan	Human	Original	Nasopharyngeal swab		Routine Surveillance	Illumina MiSeq	BWA V.0.7.17	Gap of 13 nucleotides when compared to the reference WIV04 sequence.	info	B.1.617.2	GK	(N_G215C,Spike_T95I,N_D63G,N_R203M,NSP12_G671S,Spike_T859I,Spike_G142D,NSP13_T481M,NS3_S26L,Spike_P681R,Spike_R158del,NSP3_P1228L,NS7a_V82A,NSP3_A488S,Spike_F157del,NSP4_T492I,NSP14_A394V,Spike_T19R,NS7a_T120I,N_D377Y,M_I82T,Spike_D950N,NS7b_T40I,NSP13_P77L,Spike_E156G,NS3_W128L,NSP3_P1469S,Spike_T478K,NSP6_T77A,NSP12_P323L,Spike_D614G,NSP4_V167L,Spike_L452R)
hCoV-19/Bhutan/RCDC0023-SV200579/2020	EPI_ISL_16984377	2020-06-22	Asia / Bhutan	Human	Original	Nasopharyngeal swab		Routine Surveillance	Illumina MiSeq	BWA V.0.7.17			B.1.36	GH	(NSP3_A85V,NSP2_V381A,N_S194L,NSP14_M62I,NS3_Q57H,NSP14_H455Y,NSP12_P323L,Spike_D614G,NSP6_L37F,NSP3_F1207L)
hCoV-19/Bhutan/RCDC0023-SV210039/2021	EPI_ISL_16984378	2021-01-05	Asia / Bhutan	Human	Original	Nasopharyngeal swab		Routine Surveillance	Illumina MiSeq	BWA V.0.7.17			B.1	G	(NSP15_R257C,N_R209I,NS8_V62L,N_A182S,NSP12_P323L,Spike_D614G,Spike_D178H,Spike_Q677H)
hCoV-19/Bhutan/RCDC0023-SV210161/2021	EPI_ISL_16984379	2021-05-05	Asia / Bhutan	Human	Original	Nasopharyngeal swab		Routine Surveillance	Illumina MiSeq	BWA V.0.7.17	Gap of 13 nucleotides when compared to the reference WIV04 sequence.	info	B.1.617.2	GK	(N_G215C,N_D63G,N_R203M,NSP12_G671S,Spike_G142D,NS3_S26L,Spike_P681R,Spike_R158del,NSP5_S301A,NSP3_P1228L,NS7a_V82A,NSP3_A488S,Spike_F157del,NSP4_T492I,NSP14_A394V,Spike_T19R,NS7a_T120I,NSP6_P198L,N_D377Y,M_I82T,Spike_D950N,NS7b_T40I,NSP13_P77L,Spike_E156G,NSP3_P1469S,Spike_T478K,NSP6_T77A,NSP12_P323L,Spike_D614G,NSP4_V167L,Spike_L452R)
hCoV-19/Bhutan/RCDC0024-SV200580/2020	EPI_ISL_16984380	2020-07-19	Asia / Bhutan	Human	Original	Nasopharyngeal swab		Routine Surveillance	Illumina MiSeq	BWA V.0.7.17			B.1.1.216	GR	(N_R203K,NS3_V77I,N_G204R,NS3_T223I,NSP12_P323L,Spike_D614G)
hCoV-19/Bhutan/RCDC0024-SV210162/2021	EPI_ISL_16984381	2021-04-30	Asia / Bhutan	Human	Original	Nasopharyngeal swab		Routine Surveillance	Illumina MiSeq	BWA V.0.7.17	Gap of 13 nucleotides when compared to the reference WIV04 sequence.	info	B.1.617.2	GK	(N_G215C,Spike_T95I,N_D63G,N_R203M,NSP12_G671S,Spike_T859I,Spike_G142D,NSP13_T481M,NS3_S26L,N_Q380H,Spike_P681R,Spike_R158del,NSP3_P1228L,NS7a_V82A,NSP3_A488S,Spike_F157del,NSP4_T492I,NSP14_A394V,Spike_T19R,NS7a_T120I,N_D377Y,M_I82T,Spike_D950N,NS7b_T40I,NSP13_P77L,Spike_E156G,NS3_W128L,NSP3_P1469S,Spike_T478K,NSP6_T77A,NSP12_P323L,Spike_D614G,NSP4_V167L,Spike_L452R)
hCoV-19/Bhutan/RCDC0025-SV200581/2020	EPI_ISL_16984382	2020-08-24	Asia / Bhutan	Human	Original	Nasopharyngeal swab		Routine Surveillance	Illumina MiSeq	BWA V.0.7.17			B.1.36	GH	(NSP2_V381A,N_S194L,NSP3_M1278I,NS3_Q57H,NSP12_P323L,Spike_D614G,N_D103N)
hCoV-19/Bhutan/RCDC0025-SV210041/2021	EPI_ISL_16984383	2021-01-06	Asia / Bhutan	Human	Original	Nasopharyngeal swab		Routine Surveillance	Illumina MiSeq	BWA V.0.7.17			B.1	G	(NS3_A99V,NSP15_R257C,N_R209I,NS8_V62L,N_A182S,NSP12_P323L,Spike_D614G,Spike_D178H,Spike_Q677H,Spike_T572S)
hCoV-19/Bhutan/RCDC0025-SV210163/2021	EPI_ISL_16984384	2021-04-30	Asia / Bhutan	Human	Original	Nasopharyngeal swab		Routine Surveillance	Illumina MiSeq	BWA V.0.7.17	Gap of 13 nucleotides when compared to the reference WIV04 sequence.	info	B.1.617.2	GK	(N_G215C,N_D63G,N_R203M,NSP12_G671S,NS3_S26L,Spike_P681R,Spike_R158del,NSP5_S301A,NSP3_P1228L,NS7a_V82A,NSP3_A488S,Spike_F157del,NSP4_T492I,NSP14_A394V,Spike_T19R,NS7a_T120I,N_D377Y,M_I82T,Spike_D950N,NS7b_T40I,NSP13_P77L,Spike_E156G,NSP3_P1469S,Spike_T478K,NSP6_T77A,NSP12_P323L,Spike_D614G,Spike_L452R,NSP4_V167L)
hCoV-19/Bhutan/RCDC0026-SV200582/2020	EPI_ISL_16984385	2020-08-24	Asia / Bhutan	Human	Original	Nasopharyngeal swab		Routine Surveillance	Illumina MiSeq	BWA V.0.7.17			B.1.36	GH	(NSP2_V381A,N_S194L,NSP3_M560I,NS3_Q57H,NSP13_K460R,NSP3_V1770F,NS3_L106F,NSP12_P323L,Spike_D614G,NSP3_S1717L)
hCoV-19/Bhutan/RCDC0026-SV210164/2021	EPI_ISL_16984386	2021-05-01	Asia / Bhutan	Human	Original	Nasopharyngeal swab		Routine Surveillance	Illumina MiSeq	BWA V.0.7.17	Gap of 13 nucleotides when compared to the reference WIV04 sequence.	info	B.1.617.2	GK	(N_G215C,Spike_T95I,N_D63G,N_R203M,NSP12_G671S,Spike_G142D,NSP13_T481M,NS3_S26L,Spike_P681R,Spike_R158del,NSP3_P1228L,NS7a_V82A,NSP3_A488S,Spike_F157del,NSP4_T492I,NSP14_A394V,Spike_T19R,NS7a_T120I,N_D377Y,M_I82T,Spike_D950N,NS7b_T40I,NSP13_P77L,Spike_E156G,NSP3_P1469S,Spike_T478K,NSP6_T77A,NSP12_P323L,NSP14_V312F,Spike_D614G,NSP4_V167L,Spike_L452R)
hCoV-19/Bhutan/RCDC0027-SV200583/2020	EPI_ISL_16984387	2020-08-24	Asia / Bhutan	Human	Original	Nasopharyngeal swab		Routine Surveillance	Illumina MiSeq	BWA V.0.7.17			B.1.36	GH	(NSP2_V381A,N_S194L,NSP3_M560I,NS3_Q57H,NSP13_K460R,NSP3_V1770F,NS3_L106F,NSP12_P323L,Spike_D614G,NSP3_S1717L)
hCoV-19/Bhutan/RCDC0027-SV210165/2021	EPI_ISL_16984388	2021-04-30	Asia / Bhutan	Human	Original	Nasopharyngeal swab		Routine Surveillance	Illumina MiSeq	BWA V.0.7.17	Gap of 13 nucleotides when compared to the reference WIV04 sequence.	info	B.1.617.2	GK	(N_D63G,N_R203M,NSP12_G671S,Spike_G142D,NSP6_T181I,NS3_S26L,Spike_P681R,Spike_R158del,NS7a_V82A,Spike_F157del,Spike_T19R,NS7a_T120I,Spike_A222V,N_D377Y,M_I82T,NSP6_V149A,Spike_D950N,NSP16_Q28K,NSP3_P822L,NSP13_P77L,Spike_E156G,NSP4_A446V,Spike_T478K,NSP12_P323L,Spike_D614G,Spike_L452R)
hCoV-19/Bhutan/RCDC0028-SV200584/2020	EPI_ISL_16984389	2020-10-04	Asia / Bhutan	Human	Original	Nasopharyngeal swab		Routine Surveillance	Illumina MiSeq	BWA V.0.7.17			B.1.1.216	GR	(N_R203K,N_G204R,NS3_T223I,NSP12_P323L,Spike_D614G,NSP8_A74V)
hCoV-19/Bhutan/RCDC0028-SV210166/2021	EPI_ISL_16984390	2021-05-01	Asia / Bhutan	Human	Original	Nasopharyngeal swab		Routine Surveillance	Illumina MiSeq	BWA V.0.7.17	Gap of 13 nucleotides when compared to the reference WIV04 sequence.	info	B.1.617.2	GK	(N_G215C,N_D63G,N_R203M,NSP12_G671S,Spike_G142D,NS3_S26L,Spike_P681R,Spike_R158del,NSP5_S301A,NSP3_P1228L,NS7a_V82A,NSP3_A488S,Spike_F157del,NSP4_T492I,NSP14_A394V,Spike_T19R,NS7a_T120I,N_D377Y,M_I82T,Spike_D950N,NS7b_T40I,NSP13_P77L,Spike_E156G,NSP3_P1469S,Spike_T478K,NSP6_T77A,NSP12_P323L,Spike_D614G,Spike_L452R,NSP4_V167L)
hCoV-19/Bhutan/RCDC0029-SV200585/2020	EPI_ISL_16984391	2020-10-20	Asia / Bhutan	Human	Original	Nasopharyngeal swab		Routine Surveillance	Illumina MiSeq	BWA V.0.7.17			B.1.177	GV	(NSP3_K429N,NSP6_A54S,NSP3_T820I,NSP12_P323L,Spike_D614G,NSP1_R175C,N_A220V,Spike_A222V)
hCoV-19/Bhutan/RCDC0029-SV210167/2021	EPI_ISL_16984392	2021-04-27	Asia / Bhutan	Human	Original	Nasopharyngeal swab		Routine Surveillance	Illumina MiSeq	BWA V.0.7.17	Gap of 13 nucleotides when compared to the reference WIV04 sequence.	info	B.1.617.2	GK	(N_G215C,Spike_T95I,N_D63G,N_R203M,NSP12_G671S,Spike_G142D,NSP10_A20T,NS3_S26L,NSP8_S170I,Spike_P681R,Spike_R158del,NSP3_P1228L,NS7a_V82A,NSP3_A488S,Spike_F157del,NSP4_T492I,NSP14_A394V,Spike_T19R,NS7a_T120I,N_D377Y,M_I82T,Spike_D950N,NS7b_T40I,NSP13_P77L,Spike_E156G,Spike_T124I,NSP3_P1469S,Spike_T478K,NSP6_T77A,NSP12_P323L,Spike_D614G,NSP4_V167L,Spike_L452R)
hCoV-19/Bhutan/RCDC0030-SV200586/2020	EPI_ISL_16984393	2020-10-29	Asia / Bhutan	Human	Original	Nasopharyngeal swab		Routine Surveillance	Illumina MiSeq	BWA V.0.7.17			B.1.1.216	GR	(NSP12_A95S,N_R203K,N_G204R,NS3_T223I,NSP12_P323L,Spike_D614G,NSP8_A74V)
hCoV-19/Bhutan/RCDC0030-SV210168/2021	EPI_ISL_16984394	2021-05-04	Asia / Bhutan	Human	Original	Nasopharyngeal swab		Routine Surveillance	Illumina MiSeq	BWA V.0.7.17	Gap of 13 nucleotides when compared to the reference WIV04 sequence.	info	B.1.617.2	GK	(NS7a_L116F,N_D63G,N_R203M,NSP12_G671S,Spike_G142D,NSP2_P129L,NSP3_K1693N,NS3_S26L,Spike_P681R,Spike_R158del,NSP15_K109N,NSP3_H1274Y,NS7a_V82A,Spike_F157del,Spike_D253G,Spike_T19R,NS7a_T120I,N_R385K,N_D377Y,M_I82T,NSP6_V149A,Spike_D950N,NSP3_P822L,NSP13_P77L,Spike_E156G,NSP4_A446V,NSP12_T20A,NSP15_H234Y,Spike_T478K,NSP12_P323L,Spike_D614G,Spike_L452R)
hCoV-19/Bhutan/RCDC0051-SV200607/2020	EPI_ISL_16984395	2020-08-27	Asia / Bhutan	Human	Original	Nasopharyngeal swab		Routine Surveillance	Illumina MiSeq	BWA V.0.7.17			B.1.36	GH	(NSP3_F106C,N_D128Y,NSP2_V381A,NSP8_A152V,N_S194L,NS3_Q57H,NSP12_P323L,Spike_D614G)
hCoV-19/Bhutan/RCDC-4-0001/2022	EPI_ISL_16984396	2022-04-04	Asia / Bhutan	Human	Original	Nasopharyngeal swab		Routine Surveillance	Illumina MiSeq	BWA V.0.7.17	Gap of 27 nucleotides when compared to the reference WIV04 sequence.	info	BA.2	GRA	(NSP5_P132H,NSP12_G671S,NSP3_G489S,Spike_L24del,NSP4_T327I,NSP3_P1228S,Spike_S373P,Spike_Q493R,Spike_N969K,Spike_H655Y,N_R203K,Spike_V213G,Spike_G142D,Spike_A27S,Spike_Q954H,N_P13L,Spike_N501Y,Spike_P25del,N_R32del,NS3_T223I,Spike_T19I,M_Q19E,Spike_N440K,NSP4_T492I,Spike_N679K,Spike_N764K,NSP6_G107del,Spike_Y505H,Spike_D796Y,N_G204R,Spike_T478K,N_S413R,M_A63T,Spike_S371F,Spike_K417N,NSP13_R392C,Spike_T376A,NSP6_S106del,Spike_G339D,Spike_R408S,NSP4_L438F,NSP14_I42V,NSP4_L264F,Spike_P681H,NSP3_T24I,N_S33del,NSP1_S135R,Spike_S375F,Spike_D405N,Spike_Q498R,NSP13_S36P,Spike_S477N,N_E31del,NSP15_T112I,NSP6_F108del,Spike_E484A,NS7a_A13T,E_T9I,Spike_P26del,NSP12_P323L,Spike_D614G)
hCoV-19/Bhutan/RCDC-4-0002/2022	EPI_ISL_16984397	2022-04-08	Asia / Bhutan	Human	Original	Nasopharyngeal swab		Routine Surveillance	Illumina MiSeq	BWA V.0.7.17	Gap of 30 nucleotides when compared to the reference WIV04 sequence.	ui:ml_ba_grn	BA.2	GRA	(NSP5_P132H,NSP4_R97G,Spike_L24del,Spike_S373P,Spike_Q493R,Spike_N969K,Spike_H655Y,N_R203K,Spike_V213G,Spike_G142D,NSP3_A1892T,Spike_A27S,Spike_Q954H,N_P13L,NSP3_L1266I,Spike_N501Y,Spike_P25del,N_R32del,NS3_T223I,Spike_T19I,M_Q19E,Spike_N440K,NSP4_T492I,NSP6_L105del,Spike_N679K,Spike_N764K,NSP6_G107del,Spike_Y505H,NSP6_I189V,Spike_D796Y,N_G204R,Spike_T478K,N_S413R,M_A63T,Spike_S371F,Spike_K417N,NSP13_R392C,Spike_T376A,NSP6_S106del,Spike_G339D,Spike_R408S,NSP3_S1265del,NSP14_I42V,Spike_P681H,N_S33del,Spike_S375F,Spike_D405N,Spike_Q498R,Spike_S477N,N_E31del,NSP3_K38R,NSP15_T112I,Spike_E484A,E_T9I,Spike_P26del,NSP12_P323L,Spike_D614G)
hCoV-19/Bhutan/RCDC-4-0003/2022	EPI_ISL_16984398	2022-04-09	Asia / Bhutan	Human	Original	Nasopharyngeal swab		Routine Surveillance	Illumina MiSeq	BWA V.0.7.17	Gap of 27 nucleotides when compared to the reference WIV04 sequence.	info	BA.2.10	GRA	(NSP5_P132H,NSP3_G489S,Spike_L24del,NSP4_T327I,NSP3_P1228S,Spike_S373P,Spike_Q493R,Spike_N969K,Spike_H655Y,N_R203K,Spike_V213G,Spike_G142D,Spike_A27S,Spike_Q954H,N_P13L,Spike_N501Y,Spike_P25del,N_R32del,NS3_T223I,Spike_T19I,M_Q19E,Spike_N440K,NSP4_T492I,Spike_N679K,Spike_N764K,NSP6_G107del,Spike_Y505H,Spike_G219D,Spike_D796Y,N_G204R,Spike_T478K,N_S413R,M_A63T,Spike_S371F,Spike_K417N,NSP13_R392C,Spike_T376A,NSP6_S106del,Spike_G339D,Spike_R408S,NSP4_L438F,NSP14_I42V,NSP4_L264F,Spike_P681H,NSP3_T24I,N_S33del,NSP1_S135R,Spike_S375F,Spike_D405N,Spike_Q498R,NSP13_S36P,Spike_S477N,N_E31del,NSP15_T112I,NSP6_F108del,Spike_E484A,NS7a_A13T,E_T9I,Spike_P26del,NSP12_P323L,Spike_D614G)
hCoV-19/Bhutan/RCDC-4-0004/2022	EPI_ISL_16984399	2022-04-12	Asia / Bhutan	Human	Original	Nasopharyngeal swab		Routine Surveillance	Illumina MiSeq	BWA V.0.7.17	Gap of 27 nucleotides when compared to the reference WIV04 sequence.	info	BA.2.10	GRA	(NSP5_P132H,NSP3_G489S,Spike_L24del,NSP4_T327I,Spike_S373P,Spike_Q493R,Spike_N969K,Spike_H655Y,N_R203K,Spike_V213G,Spike_G142D,Spike_A27S,Spike_Q954H,N_P13L,Spike_N501Y,Spike_P25del,N_R32del,NS3_T223I,Spike_T19I,M_Q19E,Spike_N440K,NSP4_T492I,NSP3_T1026I,Spike_N679K,Spike_N764K,NSP6_G107del,Spike_Y505H,Spike_D796Y,N_G204R,Spike_T478K,N_S413R,M_A63T,Spike_S371F,Spike_K417N,NSP13_R392C,Spike_T376A,NSP6_S106del,Spike_G339D,Spike_R408S,NSP4_L438F,NSP14_I42V,NSP4_L264F,Spike_P681H,NSP3_T24I,N_S33del,NSP1_S135R,Spike_S375F,Spike_D405N,Spike_Q498R,NSP13_S36P,Spike_S477N,N_E31del,NSP15_T112I,NSP6_F108del,Spike_E484A,E_T9I,Spike_P26del,NSP12_P323L,Spike_D614G)
hCoV-19/Bhutan/RCDC-4-0005/2022	EPI_ISL_16984400	2022-04-14	Asia / Bhutan	Human	Original	Nasopharyngeal swab		Routine Surveillance	Illumina MiSeq	BWA V.0.7.17	Gap of 27 nucleotides when compared to the reference WIV04 sequence.	info	BA.2.10.1	GRA	(NSP5_P132H,NSP3_G489S,Spike_L24del,NSP4_T327I,Spike_S373P,Spike_Q493R,Spike_N969K,Spike_H655Y,N_R203K,Spike_V213G,Spike_G142D,Spike_A27S,Spike_Q954H,N_P13L,Spike_N501Y,Spike_P25del,N_R32del,NS3_T223I,Spike_T19I,M_Q19E,Spike_N440K,NSP4_T492I,Spike_N679K,Spike_N764K,NSP6_G107del,Spike_Y505H,Spike_D796Y,N_G204R,Spike_T478K,N_S413R,M_A63T,Spike_S371F,Spike_K417N,NSP13_R392C,Spike_T376A,NSP6_S106del,Spike_G339D,Spike_R408S,NSP4_L438F,NSP14_I42V,NSP4_L264F,Spike_P681H,NSP3_T24I,N_S33del,NSP1_S135R,Spike_S375F,Spike_D405N,Spike_Q498R,NSP13_S36P,Spike_S477N,N_E31del,NSP15_T112I,NSP6_F108del,Spike_E484A,E_T9I,Spike_P26del,Spike_G798D,NSP12_P323L,Spike_D614G)
hCoV-19/Bhutan/RCDC-4-0006/2022	EPI_ISL_16984401	2022-04-26	Asia / Bhutan	Human	Original	Nasopharyngeal swab		Routine Surveillance	Illumina MiSeq	BWA V.0.7.17	Gap of 27 nucleotides when compared to the reference WIV04 sequence.	info	BA.2.10.1	GRA	(NSP5_P132H,NSP3_G489S,Spike_L24del,NSP4_T327I,Spike_S373P,Spike_Q493R,Spike_N969K,Spike_H655Y,N_R203K,Spike_V213G,Spike_G142D,Spike_A27S,Spike_Q954H,N_P13L,Spike_N501Y,Spike_P25del,N_R32del,NS3_T223I,Spike_T19I,M_Q19E,Spike_N440K,NSP4_T492I,Spike_N679K,Spike_N764K,NSP6_G107del,Spike_Y505H,Spike_D796Y,N_G204R,Spike_T478K,N_S413R,M_A63T,Spike_S371F,Spike_K417N,NSP13_R392C,Spike_T376A,NSP6_S106del,Spike_G339D,Spike_R408S,NSP4_L438F,NSP14_I42V,NSP4_L264F,Spike_P681H,NSP3_T24I,N_S33del,NSP1_S135R,Spike_S375F,Spike_D405N,Spike_Q498R,NSP13_S36P,Spike_S477N,N_E31del,NSP15_T112I,NSP6_F108del,Spike_E484A,E_T9I,Spike_P26del,Spike_G798D,NSP12_P323L,Spike_D614G)
hCoV-19/Bhutan/RCDC-4-0007/2022	EPI_ISL_16984402	2022-04-11	Asia / Bhutan	Human	Original	Nasopharyngeal swab		Routine Surveillance	Illumina MiSeq	BWA V.0.7.17	Gap of 27 nucleotides when compared to the reference WIV04 sequence.	info	BA.2.10	GRA	(NSP5_P132H,NSP3_G489S,Spike_L24del,NSP4_T327I,Spike_S373P,Spike_Q493R,Spike_N969K,Spike_H655Y,N_R203K,Spike_V213G,Spike_G142D,Spike_A27S,Spike_Q954H,N_P13L,Spike_N501Y,Spike_P25del,N_R32del,NS3_T223I,Spike_T19I,M_Q19E,Spike_N440K,NSP4_T492I,Spike_N679K,Spike_N764K,NSP6_G107del,Spike_Y505H,Spike_D796Y,N_G204R,Spike_T478K,N_S413R,M_A63T,Spike_S371F,Spike_K417N,NSP13_R392C,Spike_T376A,NSP6_S106del,Spike_G339D,Spike_R408S,NSP4_L438F,N_P67L,NSP14_I42V,NSP4_L264F,Spike_P681H,NSP3_T24I,N_S33del,NSP1_S135R,Spike_S375F,Spike_D405N,Spike_Q498R,NSP13_S36P,Spike_S477N,N_E31del,NSP15_T112I,NSP6_F108del,Spike_E484A,E_T9I,Spike_P26del,NSP12_P323L,Spike_D614G)
hCoV-19/Bhutan/RCDC-4-0008/2022	EPI_ISL_16984403	2022-04-22	Asia / Bhutan	Human	Original	Nasopharyngeal swab		Routine Surveillance	Illumina MiSeq	BWA V.0.7.17	Gap of 27 nucleotides when compared to the reference WIV04 sequence.	info	BA.2.10	GRA	(NSP5_P132H,NSP3_G489S,Spike_L24del,NSP4_T327I,Spike_S373P,Spike_Q493R,Spike_N969K,Spike_H655Y,N_R203K,Spike_V213G,Spike_G142D,Spike_A27S,Spike_Q954H,N_P13L,Spike_N501Y,Spike_P25del,N_R32del,NS3_T223I,Spike_T19I,M_Q19E,Spike_N440K,NSP4_T492I,Spike_N679K,Spike_N764K,NSP6_G107del,Spike_Y505H,Spike_D796Y,N_G204R,Spike_T478K,N_S413R,NSP14_H455Y,M_A63T,Spike_S371F,Spike_K417N,NSP13_R392C,Spike_T376A,NSP6_S106del,Spike_G339D,Spike_R408S,NSP3_I1117T,NSP4_L438F,NSP14_I42V,NSP4_L264F,Spike_P681H,NSP3_T24I,N_S33del,NSP1_S135R,Spike_S375F,Spike_D405N,Spike_Q498R,NSP13_S36P,Spike_S477N,N_E31del,NSP15_T112I,NSP6_F108del,Spike_E484A,E_T9I,Spike_P26del,NSP12_P323L,Spike_D614G)
hCoV-19/Bhutan/RCDC-4-0011/2022	EPI_ISL_16984406	2022-04-14	Asia / Bhutan	Human	Original	Nasopharyngeal swab		Routine Surveillance	Illumina MiSeq	BWA V.0.7.17	Gap of 27 nucleotides when compared to the reference WIV04 sequence.	info	BA.2.10	GRA	(NSP5_P132H,NSP3_G489S,Spike_L24del,NSP4_T327I,Spike_S373P,Spike_Q493R,Spike_N969K,Spike_H655Y,N_R203K,Spike_V213G,Spike_G142D,Spike_A27S,Spike_Q954H,N_P13L,Spike_N501Y,Spike_P25del,N_R32del,NS3_T223I,Spike_T19I,M_Q19E,Spike_N440K,NSP4_T492I,Spike_N679K,Spike_N764K,NSP6_G107del,Spike_Y505H,Spike_D796Y,N_G204R,Spike_T478K,N_S413R,M_A63T,Spike_S371F,Spike_K417N,NSP13_R392C,Spike_T376A,NSP6_S106del,Spike_G339D,Spike_R408S,NSP4_L438F,NSP14_I42V,NSP4_L264F,Spike_P681H,NSP3_T24I,N_S33del,NSP1_S135R,Spike_S375F,Spike_D405N,Spike_Q498R,NSP13_S36P,NSP12_D740E,Spike_S477N,N_E31del,NSP15_T112I,NSP6_F108del,Spike_E484A,E_T9I,Spike_P26del,NSP12_P323L,Spike_D614G)
hCoV-19/Bhutan/RCDC-4-0012/2022	EPI_ISL_16984407	2022-04-26	Asia / Bhutan	Human	Original	Nasopharyngeal swab		Routine Surveillance	Illumina MiSeq	BWA V.0.7.17	Gap of 27 nucleotides when compared to the reference WIV04 sequence.	info	BA.2.10	GRA	(NSP5_P132H,NSP3_G489S,Spike_L24del,NSP4_T327I,NSP3_P1228S,Spike_S373P,Spike_Q493R,Spike_N969K,Spike_H655Y,N_R203K,Spike_V213G,Spike_G142D,Spike_A27S,Spike_Q954H,N_P13L,Spike_N501Y,Spike_P25del,N_R32del,NS3_T223I,Spike_T19I,M_Q19E,Spike_N440K,NSP4_T492I,Spike_N679K,Spike_N764K,NSP6_G107del,Spike_Y505H,Spike_D796Y,N_G204R,Spike_T478K,N_S413R,M_A63T,Spike_S371F,Spike_K417N,NSP13_R392C,Spike_T376A,NSP6_S106del,Spike_G339D,Spike_R408S,NSP4_L438F,NSP14_I42V,NSP4_L264F,Spike_P681H,NS8_I47V,NSP3_T24I,N_S33del,NSP1_S135R,Spike_S375F,Spike_D405N,Spike_Q498R,NSP13_S36P,Spike_S477N,N_E31del,NSP15_T112I,NSP6_F108del,Spike_E484A,NS7a_A13T,E_T9I,Spike_P26del,NSP12_P323L,Spike_D614G)
hCoV-19/Bhutan/RCDC-4-0013/2022	EPI_ISL_16984408	2022-04-22	Asia / Bhutan	Human	Original	Nasopharyngeal swab		Routine Surveillance	Illumina MiSeq	BWA V.0.7.17	Gap of 27 nucleotides when compared to the reference WIV04 sequence.	info	BA.2.10	GRA	(NSP5_P132H,NSP12_G671S,NSP3_G489S,Spike_L24del,NSP4_T327I,NSP3_P1228S,Spike_S373P,Spike_Q493R,Spike_N969K,Spike_H655Y,N_R203K,Spike_V213G,Spike_G142D,Spike_A27S,Spike_Q954H,N_P13L,Spike_N501Y,Spike_P25del,N_R32del,NS3_T223I,Spike_T19I,M_Q19E,Spike_N440K,NSP4_T492I,Spike_N679K,Spike_N764K,NSP6_G107del,Spike_Y505H,Spike_D796Y,N_G204R,Spike_T478K,N_S413R,M_A63T,Spike_S371F,Spike_K417N,NSP13_R392C,Spike_T376A,NSP6_S106del,Spike_G339D,Spike_R408S,NSP4_L438F,NSP14_I42V,NSP4_L264F,Spike_P681H,NSP3_T24I,N_S33del,NSP1_S135R,Spike_S375F,Spike_D405N,Spike_Q498R,NSP13_S36P,Spike_S477N,N_E31del,NSP15_T112I,NSP6_F108del,Spike_E484A,NS7a_A13T,E_T9I,Spike_P26del,NSP12_P323L,Spike_D614G)
hCoV-19/Bhutan/RCDC-4-0014/2022	EPI_ISL_16984409	2022-04-25	Asia / Bhutan	Human	Original	Nasopharyngeal swab		Routine Surveillance	Illumina MiSeq	BWA V.0.7.17	Gap of 27 nucleotides when compared to the reference WIV04 sequence.	info	BA.2.10	GRA	(NSP5_P132H,NSP12_G671S,NSP3_G489S,Spike_L24del,NSP4_T327I,NSP3_P1228S,Spike_S373P,Spike_Q493R,Spike_N969K,Spike_H655Y,N_R203K,Spike_V213G,Spike_G142D,N_T325I,Spike_A27S,Spike_Q954H,N_P13L,Spike_N501Y,Spike_P25del,N_R32del,NS3_T223I,Spike_T19I,M_Q19E,Spike_N440K,NSP4_T492I,Spike_N679K,Spike_N764K,NSP6_G107del,Spike_Y505H,Spike_D796Y,N_G204R,Spike_T478K,N_S413R,M_A63T,Spike_S371F,Spike_K417N,NSP13_R392C,Spike_T376A,NSP6_S106del,Spike_G339D,Spike_R408S,NSP4_L438F,NSP14_I42V,NSP4_L264F,Spike_P681H,NSP3_T24I,N_S33del,NSP1_S135R,Spike_S375F,Spike_D405N,Spike_Q498R,NSP13_S36P,Spike_S477N,N_E31del,NSP15_T112I,NSP6_F108del,Spike_E484A,NS7a_A13T,E_T9I,Spike_P26del,NSP12_P323L,Spike_D614G)
hCoV-19/Bhutan/RCDC-4-0016/2022	EPI_ISL_16984411	2022-04-21	Asia / Bhutan	Human	Original	Nasopharyngeal swab		Routine Surveillance	Illumina MiSeq	BWA V.0.7.17	Gap of 27 nucleotides when compared to the reference WIV04 sequence.	info	BA.2.10	GRA	(NSP5_P132H,NSP3_G489S,Spike_L24del,NSP4_T327I,Spike_S373P,Spike_Q493R,Spike_N969K,Spike_H655Y,N_R203K,Spike_V213G,Spike_G142D,Spike_A27S,Spike_Q954H,N_P13L,Spike_N501Y,Spike_P25del,N_R32del,NS3_T223I,Spike_T19I,M_Q19E,Spike_N440K,NSP4_T492I,Spike_N679K,Spike_N764K,NSP6_G107del,Spike_Y505H,Spike_D796Y,N_G204R,Spike_T478K,N_S413R,M_A63T,Spike_S371F,Spike_K417N,NSP13_R392C,Spike_T376A,NSP6_S106del,Spike_G339D,Spike_R408S,NSP4_L438F,NSP14_I42V,NSP4_L264F,Spike_P681H,NSP3_T24I,N_S33del,NSP1_S135R,Spike_S375F,Spike_D405N,Spike_Q498R,NSP13_S36P,Spike_S477N,N_E31del,NSP15_T112I,NSP6_F108del,Spike_E484A,E_T9I,Spike_P26del,NSP12_P323L,Spike_D614G)
hCoV-19/Bhutan/RCDC-4-0018/2022	EPI_ISL_16984412	2022-04-16	Asia / Bhutan	Human	Original	Nasopharyngeal swab		Routine Surveillance	Illumina MiSeq	BWA V.0.7.17	Gap of 27 nucleotides when compared to the reference WIV04 sequence.	info	BA.2	GRA	(NSP5_P132H,NSP3_G489S,Spike_L24del,NSP4_T327I,Spike_S373P,NSP3_I458T,Spike_Q493R,Spike_N969K,Spike_H655Y,N_R203K,Spike_V213G,Spike_G142D,Spike_A27S,Spike_Q954H,N_P13L,Spike_N501Y,Spike_P25del,N_R32del,NS3_T223I,Spike_T19I,M_Q19E,Spike_N440K,NSP4_T492I,Spike_N679K,Spike_N764K,NSP6_G107del,Spike_Y505H,Spike_D796Y,N_G204R,Spike_T478K,N_S413R,M_A63T,NSP2_G313C,Spike_S371F,Spike_K417N,NSP13_R392C,Spike_T376A,NSP6_S106del,Spike_G339D,Spike_R408S,NSP4_L438F,NSP14_I42V,NSP4_L264F,Spike_P681H,NSP3_T24I,N_S33del,NSP1_S135R,Spike_S375F,Spike_D405N,Spike_Q498R,Spike_S477N,N_E31del,NSP15_T112I,NSP6_F108del,Spike_E484A,E_T9I,Spike_P26del,NSP12_P323L,Spike_D614G)
hCoV-19/Bhutan/RCDC-4-0019/2022	EPI_ISL_16984413	2022-04-22	Asia / Bhutan	Human	Original	Nasopharyngeal swab		Routine Surveillance	Illumina MiSeq	BWA V.0.7.17	Gap of 27 nucleotides when compared to the reference WIV04 sequence.	info	BA.2.10	GRA	(NSP5_P132H,NSP3_G489S,Spike_L24del,NSP4_T327I,Spike_S373P,Spike_Q493R,Spike_N969K,Spike_H655Y,N_R203K,Spike_V213G,Spike_G142D,Spike_A27S,Spike_Q954H,N_P13L,Spike_N501Y,Spike_P25del,N_R32del,NS3_T223I,Spike_T19I,M_Q19E,Spike_N440K,NSP4_T492I,Spike_N679K,Spike_N764K,NSP6_G107del,Spike_Y505H,Spike_D796Y,N_G204R,Spike_T478K,N_S413R,M_A63T,Spike_S371F,Spike_K417N,NSP13_R392C,Spike_T376A,NSP6_S106del,Spike_G339D,Spike_R408S,NSP4_L438F,NSP14_I42V,NSP4_L264F,Spike_P681H,NSP3_T24I,N_S33del,NSP1_S135R,Spike_S375F,Spike_D405N,Spike_Q498R,NSP13_S36P,Spike_S477N,N_E31del,NSP15_T112I,NSP6_F108del,Spike_E484A,E_T9I,Spike_P26del,NSP12_P323L,Spike_D614G)
hCoV-19/Bhutan/RCDC-4-0020/2022	EPI_ISL_16984414	2022-04-11	Asia / Bhutan	Human	Original	Nasopharyngeal swab		Routine Surveillance	Illumina MiSeq	BWA V.0.7.17	Gap of 27 nucleotides when compared to the reference WIV04 sequence.	info	BA.2	GRA	(NSP5_P132H,NSP3_G489S,Spike_L24del,NSP4_T327I,Spike_S373P,Spike_Q493R,Spike_N969K,Spike_H655Y,N_R203K,Spike_V213G,Spike_G142D,Spike_A27S,Spike_Q954H,N_P13L,Spike_N501Y,Spike_P25del,N_R32del,NS3_T223I,Spike_T19I,M_Q19E,Spike_N440K,NSP4_T492I,Spike_N679K,Spike_N764K,NSP6_G107del,Spike_Y505H,Spike_D796Y,N_G204R,Spike_T478K,N_S413R,M_A63T,Spike_S371F,Spike_K417N,NSP13_R392C,Spike_T376A,NSP13_S259L,NSP6_S106del,NSP4_A231V,Spike_G339D,Spike_R408S,NSP4_L438F,NSP14_I42V,NSP4_L264F,Spike_P681H,M_A98S,NSP3_T24I,N_S33del,NSP1_S135R,Spike_S375F,Spike_D405N,Spike_Q498R,Spike_S477N,N_E31del,NSP15_T112I,NSP6_F108del,Spike_E484A,E_T9I,Spike_P26del,NSP12_P323L,Spike_D614G)
hCoV-19/Bhutan/RCDC-4-0021/2022	EPI_ISL_16984415	2022-04-16	Asia / Bhutan	Human	Original	Nasopharyngeal swab		Routine Surveillance	Illumina MiSeq	BWA V.0.7.17	Gap of 27 nucleotides when compared to the reference WIV04 sequence.	info	BA.2.10	GRA	(NSP5_P132H,NSP3_G489S,Spike_L24del,NSP4_T327I,Spike_S373P,Spike_Q493R,Spike_N969K,Spike_H655Y,N_R203K,Spike_V213G,Spike_G142D,NSP5_L75F,Spike_A27S,Spike_Q954H,N_P13L,Spike_N501Y,Spike_P25del,N_R32del,NS3_T223I,Spike_T19I,M_Q19E,Spike_N440K,NSP4_T492I,NSP3_T1026I,Spike_N679K,Spike_N764K,NSP6_G107del,Spike_Y505H,Spike_D796Y,N_G204R,Spike_T478K,N_S413R,M_A63T,Spike_S371F,Spike_K417N,NSP13_R392C,Spike_T376A,NSP6_S106del,Spike_G339D,Spike_R408S,NSP4_L438F,NSP14_I42V,NSP4_L264F,Spike_P681H,NSP3_T24I,N_S33del,NSP1_S135R,Spike_S375F,Spike_D405N,Spike_Q498R,NSP13_S36P,Spike_S477N,N_E31del,NSP15_T112I,NSP6_F108del,Spike_E484A,E_T9I,Spike_P26del,NSP12_P323L,Spike_D614G)
hCoV-19/Bhutan/RCDC-4-0022/2022	EPI_ISL_16984416	2022-04-16	Asia / Bhutan	Human	Original	Nasopharyngeal swab		Routine Surveillance	Illumina MiSeq	BWA V.0.7.17	Gap of 27 nucleotides when compared to the reference WIV04 sequence.	info	BA.2.10	GRA	(NSP5_P132H,NSP3_G489S,Spike_L24del,NSP4_T327I,Spike_S373P,Spike_Q493R,Spike_N969K,Spike_H655Y,N_R203K,Spike_V213G,Spike_G142D,NSP5_L75F,Spike_A27S,Spike_Q954H,N_P13L,Spike_N501Y,Spike_P25del,N_R32del,NS3_T223I,Spike_T19I,M_Q19E,Spike_N440K,NSP4_T492I,NSP3_T1026I,Spike_N679K,Spike_N764K,NSP6_G107del,Spike_Y505H,Spike_D796Y,N_G204R,Spike_T478K,N_S413R,M_A63T,Spike_S371F,Spike_K417N,NSP13_R392C,Spike_T376A,NSP6_S106del,Spike_G339D,Spike_R408S,NSP4_L438F,NSP14_I42V,NSP4_L264F,Spike_P681H,NSP3_T24I,N_S33del,NSP1_S135R,Spike_S375F,Spike_D405N,Spike_Q498R,NSP13_S36P,Spike_S477N,N_E31del,NSP15_T112I,NSP6_F108del,Spike_E484A,E_T9I,Spike_P26del,NSP12_P323L,Spike_D614G)
hCoV-19/Bhutan/RCDC-4-0025/2022	EPI_ISL_16984419	2022-04-27	Asia / Bhutan	Human	Original	Nasopharyngeal swab		Routine Surveillance	Illumina MiSeq	BWA V.0.7.17	Gap of 27 nucleotides when compared to the reference WIV04 sequence.	info	BA.2.10	GRA	(NSP5_P132H,NSP3_G489S,Spike_L24del,NSP4_T327I,Spike_S373P,Spike_Q493R,Spike_N969K,Spike_H655Y,N_R203K,Spike_V213G,Spike_G142D,Spike_A27S,Spike_Q954H,N_P13L,Spike_N501Y,Spike_P25del,N_R32del,NS3_T223I,Spike_T19I,M_Q19E,Spike_N440K,NSP4_T492I,NSP3_T1026I,Spike_N679K,Spike_N764K,NSP6_G107del,Spike_Y505H,Spike_D796Y,N_G204R,Spike_T478K,N_S413R,M_A63T,Spike_S371F,Spike_K417N,NSP13_R392C,Spike_T376A,NSP6_S106del,Spike_G339D,Spike_R408S,NSP4_L438F,NSP14_I42V,NSP4_L264F,Spike_P681H,NSP3_T24I,N_S33del,NSP1_S135R,Spike_S375F,NSP10_H48R,Spike_D405N,Spike_Q498R,NSP13_S36P,Spike_S477N,N_E31del,NSP15_T112I,NSP6_F108del,Spike_E484A,E_T9I,Spike_P26del,NSP12_P323L,Spike_D614G)
hCoV-19/Bhutan/RCDC-4-0027/2022	EPI_ISL_16984421	2022-04-16	Asia / Bhutan	Human	Original	Nasopharyngeal swab		Routine Surveillance	Illumina MiSeq	BWA V.0.7.17	Gap of 27 nucleotides when compared to the reference WIV04 sequence.	info	BA.2.10	GRA	(NSP5_P132H,NSP3_G489S,Spike_L24del,NSP4_T327I,Spike_S373P,Spike_Q493R,Spike_N969K,Spike_H655Y,N_R203K,Spike_V213G,Spike_G142D,NSP5_L75F,Spike_A27S,Spike_Q954H,N_P13L,Spike_N501Y,Spike_P25del,N_R32del,NS3_T223I,Spike_T19I,M_Q19E,Spike_N440K,NSP4_T492I,NSP3_T1026I,Spike_N679K,Spike_N764K,NSP6_G107del,Spike_Y505H,Spike_D796Y,N_G204R,Spike_T478K,N_S413R,M_A63T,Spike_S371F,Spike_K417N,NSP13_R392C,Spike_T376A,NSP6_S106del,Spike_G339D,Spike_R408S,NSP4_L438F,NSP14_I42V,NSP4_L264F,Spike_P681H,NSP3_T24I,N_S33del,NSP1_S135R,Spike_S375F,Spike_D405N,Spike_Q498R,NSP13_S36P,Spike_S477N,N_E31del,NSP15_T112I,NSP6_F108del,Spike_E484A,E_T9I,Spike_P26del,NSP12_P323L,Spike_D614G)
hCoV-19/Bhutan/RCDC0138/2021	EPI_ISL_17967068	2021-10-12	Asia / Bhutan / Paro	Human	Original	Nasopharyngeal swab			IonTorrent GSS5-0351	IRMA	Gap of 13 nucleotides when compared to the reference WIV04 sequence.	info	B.1.617.2	GK	(N_G215C,Spike_T95I,N_D63G,NSP12_S325I,N_R203M,NSP12_G671S,Spike_G142D,NS3_S26L,NSP4_I198V,Spike_P681R,Spike_R158del,NSP3_P1228L,NSP3_Q764H,NS7a_V82A,NSP3_A488S,Spike_F157del,NSP4_T492I,NSP14_A394V,Spike_T19R,NS7a_T120I,N_D377Y,M_I82T,Spike_D950N,NS7b_T40I,NSP13_P77L,Spike_E156G,NSP3_P1469S,Spike_T478K,NSP6_T77A,Spike_A1020S,NSP12_P323L,Spike_D614G,NSP3_L1794I,NSP4_V167L,Spike_L452R)
hCoV-19/Bhutan/RCDC0148/2021	EPI_ISL_17967069	2021-12-08	Asia / Bhutan / Phuntsholing	Human	Original	Nasopharyngeal swab			IonTorrent GSS5-0352	IRMA	Gap of 13 nucleotides when compared to the reference WIV04 sequence.	info	B.1.617.2	GK	(N_G215C,Spike_T95I,N_D63G,N_R203M,NSP12_G671S,Spike_G142D,NS3_S74F,NS3_S26L,Spike_P681R,Spike_R158del,NSP2_A31V,NSP3_P1228L,NS7a_V82A,NSP3_A488S,Spike_F157del,NSP4_T492I,NSP14_A394V,Spike_T19R,NS7a_T120I,N_D377Y,M_I82T,Spike_D950N,NS7b_T40I,NSP13_P77L,Spike_E156G,NSP12_M756I,NSP3_P1469S,Spike_T478K,Spike_A845S,NSP6_T77A,NSP12_P323L,Spike_D614G,N_S413I,NSP4_V167L,Spike_L452R)
hCoV-19/Bhutan/RCDC0149/2021	EPI_ISL_17967070	2021-12-08	Asia / Bhutan / Phuntsholing	Human	Original	Nasopharyngeal swab			IonTorrent GSS5-0353	IRMA	Gap of 13 nucleotides when compared to the reference WIV04 sequence.	info	B.1.617.2	GK	(N_G215C,Spike_T95I,N_D63G,N_R203M,NSP12_G671S,Spike_G142D,NS3_S74F,NS3_S26L,Spike_P681R,Spike_R158del,NSP2_A31V,NSP3_P1228L,NS7a_V82A,NSP3_A488S,Spike_F157del,NSP4_T492I,NSP14_A394V,Spike_T19R,NS7a_T120I,N_D377Y,M_I82T,Spike_D950N,NS7b_T40I,NSP13_P77L,Spike_E156G,NSP12_M756I,NSP3_P1469S,Spike_T478K,Spike_A845S,NSP6_T77A,NSP12_P323L,Spike_D614G,N_S413I,NSP4_V167L,Spike_L452R)
hCoV-19/Bhutan/RCDC0150/2021	EPI_ISL_17967071	2021-12-08	Asia / Bhutan / Phuntsholing	Human	Original	Nasopharyngeal swab			IonTorrent GSS5-0354	IRMA	Gap of 12 nucleotides when compared to the reference WIV04 sequence.	info	B.1.617.2	GK	(N_G215C,Spike_T95I,N_D63G,N_R203M,NSP12_G671S,Spike_G142D,NS3_S74F,NS3_S26L,Spike_P681R,Spike_R158del,NSP2_A31V,NSP3_P1228L,NS7a_V82A,NSP3_A488S,Spike_F157del,NSP4_T492I,NSP14_A394V,Spike_T19R,NS7a_T120I,N_D377Y,M_I82T,Spike_D950N,NS7b_T40I,NSP13_P77L,Spike_E156G,NSP12_M756I,NSP3_P1469S,Spike_T478K,Spike_A845S,NSP6_T77A,NSP12_P323L,Spike_D614G,N_S413I,NSP4_V167L,Spike_L452R)
hCoV-19/Bhutan/RCDC0151/2021	EPI_ISL_17967072	2021-12-08	Asia / Bhutan / Phuntsholing	Human	Original	Nasopharyngeal swab			IonTorrent GSS5-0355	IRMA	Gap of 13 nucleotides when compared to the reference WIV04 sequence.	info	B.1.617.2	GK	(N_G215C,Spike_T95I,N_D63G,N_R203M,NSP12_G671S,Spike_G142D,NS3_S74F,NS3_S26L,Spike_P681R,Spike_R158del,NSP2_A31V,NSP3_P1228L,NS7a_V82A,NSP3_A488S,Spike_F157del,NSP4_T492I,NSP14_A394V,Spike_T19R,NS7a_T120I,N_D377Y,M_I82T,Spike_D950N,NS7b_T40I,NSP13_P77L,Spike_E156G,NSP12_M756I,NSP3_P1469S,Spike_T478K,Spike_A845S,NSP6_T77A,NSP12_P323L,Spike_D614G,N_S413I,NSP4_V167L,Spike_L452R)
